country,countryLabel,capital,capitalLabel,head_of_state,head_of_stateLabel,named_after,named_afterLabel,population,country_calling_code,currency,currencyLabel
http://www.wikidata.org/entity/Q858,Syria,http://www.wikidata.org/entity/Q3766,Damascus,http://www.wikidata.org/entity/Q44329,Bashar al-Assad,,,18269868,+963,http://www.wikidata.org/entity/Q240468,Syrian pound
http://www.wikidata.org/entity/Q863,Tajikistan,http://www.wikidata.org/entity/Q9365,Dushanbe,http://www.wikidata.org/entity/Q57366,Emomali Rahmon,,,8921343,+992,http://www.wikidata.org/entity/Q199886,Tajikistani somoni
http://www.wikidata.org/entity/Q865,Taiwan,http://www.wikidata.org/entity/Q1867,Taipei,http://www.wikidata.org/entity/Q233984,Tsai Ing-wen,,,23593794,+886,http://www.wikidata.org/entity/Q208526,New Taiwan dollar
http://www.wikidata.org/entity/Q869,Thailand,http://www.wikidata.org/entity/Q1861,Bangkok,http://www.wikidata.org/entity/Q548733,Vajiralongkorn,,,65931550,+66,http://www.wikidata.org/entity/Q177882,baht
http://www.wikidata.org/entity/Q874,Turkmenistan,http://www.wikidata.org/entity/Q23438,Ashgabat,http://www.wikidata.org/entity/Q57530,Gurbanguly Berdimuhamedow,,,5850901,+993,http://www.wikidata.org/entity/Q486637,Turkmenistan manat
http://www.wikidata.org/entity/Q878,United Arab Emirates,http://www.wikidata.org/entity/Q1519,Abu Dhabi,http://www.wikidata.org/entity/Q1059948,Khalifa bin Zayed Al Nahyan,,,9400145,+971,http://www.wikidata.org/entity/Q200294,United Arab Emirates dirham
http://www.wikidata.org/entity/Q881,Vietnam,http://www.wikidata.org/entity/Q1858,Hanoi,http://www.wikidata.org/entity/Q318458,Nguyen Phu Trong,http://www.wikidata.org/entity/Q827040,Nanyue,94660000,+84,http://www.wikidata.org/entity/Q192090,Vietnamese dong
http://www.wikidata.org/entity/Q884,South Korea,http://www.wikidata.org/entity/Q8684,Seoul,http://www.wikidata.org/entity/Q21001,Moon Jae-in,,,51466201,+82,http://www.wikidata.org/entity/Q202040,South Korean won
http://www.wikidata.org/entity/Q889,Afghanistan,http://www.wikidata.org/entity/Q5838,Kabul,http://www.wikidata.org/entity/Q172388,Ashraf Ghani Ahmadzai,,,34940837,+93,http://www.wikidata.org/entity/Q199471,Afghan afghani
http://www.wikidata.org/entity/Q902,Bangladesh,http://www.wikidata.org/entity/Q1354,Dhaka,http://www.wikidata.org/entity/Q3246667,Abdul Hamid,http://www.wikidata.org/entity/Q9610,Bengali,164669751,+880,http://www.wikidata.org/entity/Q194453,Bangladeshi taka
http://www.wikidata.org/entity/Q912,Mali,http://www.wikidata.org/entity/Q3703,Bamako,http://www.wikidata.org/entity/Q324108,Ibrahim Boubacar Keïta,http://www.wikidata.org/entity/Q184536,Mali Empire,18541980,+223,http://www.wikidata.org/entity/Q861690,West African CFA franc
http://www.wikidata.org/entity/Q917,Bhutan,http://www.wikidata.org/entity/Q9270,Thimphu,http://www.wikidata.org/entity/Q57376,Jigme Khesar Namgyel Wangchuck,,,807610,+975,http://www.wikidata.org/entity/Q201799,ngultrum
http://www.wikidata.org/entity/Q921,Brunei,http://www.wikidata.org/entity/Q9279,Bandar Seri Begawan,http://www.wikidata.org/entity/Q57327,Hassanal Bolkiah,,,428697,+673,http://www.wikidata.org/entity/Q206319,Brunei dollar
http://www.wikidata.org/entity/Q924,Tanzania,http://www.wikidata.org/entity/Q3866,Dodoma,http://www.wikidata.org/entity/Q5018756,John Magufuli,http://www.wikidata.org/entity/Q1774,Zanzibar,57310019,+255,http://www.wikidata.org/entity/Q4589,Tanzanian shilling
http://www.wikidata.org/entity/Q924,Tanzania,http://www.wikidata.org/entity/Q3866,Dodoma,http://www.wikidata.org/entity/Q5018756,John Magufuli,http://www.wikidata.org/entity/Q431731,Tanganyika,57310019,+255,http://www.wikidata.org/entity/Q4589,Tanzanian shilling
http://www.wikidata.org/entity/Q928,Philippines,http://www.wikidata.org/entity/Q1461,Manila,http://www.wikidata.org/entity/Q457786,Rodrigo Duterte,http://www.wikidata.org/entity/Q34417,Philip II of Spain,100981437,+63,http://www.wikidata.org/entity/Q17193,Philippine peso
http://www.wikidata.org/entity/Q929,Central African Republic,http://www.wikidata.org/entity/Q3832,Bangui,http://www.wikidata.org/entity/Q57758,Faustin-Archange Touadéra,,,4659080,+236,http://www.wikidata.org/entity/Q847739,Central African CFA franc
http://www.wikidata.org/entity/Q945,Togo,http://www.wikidata.org/entity/Q3792,Lomé,http://www.wikidata.org/entity/Q4414,Faure Essozimna Gnassingbé Eyadéma,,,7797694,+228,http://www.wikidata.org/entity/Q861690,West African CFA franc
http://www.wikidata.org/entity/Q948,Tunisia,http://www.wikidata.org/entity/Q3572,Tunis,http://www.wikidata.org/entity/Q16120878,Kais Saied,http://www.wikidata.org/entity/Q3572,Tunis,11565204,+216,http://www.wikidata.org/entity/Q4602,Tunisian dinar
http://www.wikidata.org/entity/Q953,Zambia,http://www.wikidata.org/entity/Q3881,Lusaka,http://www.wikidata.org/entity/Q18352991,Edgar Lungu,,,17094130,+260,http://www.wikidata.org/entity/Q73408,Zambian kwacha
http://www.wikidata.org/entity/Q954,Zimbabwe,http://www.wikidata.org/entity/Q3921,Harare,http://www.wikidata.org/entity/Q510523,Emmerson Mnangagwa,http://www.wikidata.org/entity/Q209217,Great Zimbabwe,16529904,+263,http://www.wikidata.org/entity/Q4917,United States dollar
http://www.wikidata.org/entity/Q958,South Sudan,http://www.wikidata.org/entity/Q1947,Juba,http://www.wikidata.org/entity/Q57315,Salva Kiir Mayardit,,,12575714,+211,http://www.wikidata.org/entity/Q244366,South Sudanese pound
http://www.wikidata.org/entity/Q962,Benin,http://www.wikidata.org/entity/Q3799,Porto-Novo,http://www.wikidata.org/entity/Q16669148,Patrice Talon,http://www.wikidata.org/entity/Q47530,Bight of Benin,11175692,+229,http://www.wikidata.org/entity/Q861690,West African CFA franc
http://www.wikidata.org/entity/Q963,Botswana,http://www.wikidata.org/entity/Q3919,Gaborone,http://www.wikidata.org/entity/Q18618891,Mokgweetsi Masisi,http://www.wikidata.org/entity/Q810917,Tswana people,2291661,+267,http://www.wikidata.org/entity/Q186794,Botswana pula
http://www.wikidata.org/entity/Q965,Burkina Faso,http://www.wikidata.org/entity/Q3777,Ouagadougou,http://www.wikidata.org/entity/Q599988,Roch Marc Christian Kaboré,,,19193382,+226,http://www.wikidata.org/entity/Q861690,West African CFA franc
http://www.wikidata.org/entity/Q967,Burundi,http://www.wikidata.org/entity/Q167551,Gitega,http://www.wikidata.org/entity/Q27329764,Évariste Ndayishimiye,http://www.wikidata.org/entity/Q33583,Kirundi,10864245,+257,http://www.wikidata.org/entity/Q238007,Burundian franc
http://www.wikidata.org/entity/Q970,Comoros,http://www.wikidata.org/entity/Q3901,Moroni,http://www.wikidata.org/entity/Q515602,Azali Assoumani,,,823652,+269,http://www.wikidata.org/entity/Q267264,Comorian franc
http://www.wikidata.org/entity/Q971,Republic of the Congo,http://www.wikidata.org/entity/Q3844,Brazzaville,http://www.wikidata.org/entity/Q57418,Denis Sassou-Nguesso,http://www.wikidata.org/entity/Q3503,Congo,5260750,+242,http://www.wikidata.org/entity/Q847739,Central African CFA franc
http://www.wikidata.org/entity/Q974,Democratic Republic of the Congo,http://www.wikidata.org/entity/Q3838,Kinshasa,http://www.wikidata.org/entity/Q29032770,Félix Tshisekedi,http://www.wikidata.org/entity/Q3503,Congo,86790567,+243,http://www.wikidata.org/entity/Q4734,Congolese franc
http://www.wikidata.org/entity/Q977,Djibouti,http://www.wikidata.org/entity/Q3604,Djibouti,http://www.wikidata.org/entity/Q57390,Ismail Omar Guelleh,http://www.wikidata.org/entity/Q3604,Djibouti,956985,+253,http://www.wikidata.org/entity/Q4594,Djiboutian franc
http://www.wikidata.org/entity/Q977,Djibouti,http://www.wikidata.org/entity/Q3604,Djibouti,http://www.wikidata.org/entity/Q57390,Ismail Omar Guelleh,http://www.wikidata.org/entity/Q3604,Djibouti,956985,+253,http://www.wikidata.org/entity/Q6442872,All-Russian Classifier of Currencies
http://www.wikidata.org/entity/Q986,Eritrea,http://www.wikidata.org/entity/Q3642,Asmara,http://www.wikidata.org/entity/Q57348,Isaias Afwerki,http://www.wikidata.org/entity/Q23406,Red Sea,3497000,+291,http://www.wikidata.org/entity/Q171503,nakfa
http://www.wikidata.org/entity/Q1005,The Gambia,http://www.wikidata.org/entity/Q3726,Banjul,http://www.wikidata.org/entity/Q27917049,Adama Barrow,http://www.wikidata.org/entity/Q160819,Gambia River,2100568,+220,http://www.wikidata.org/entity/Q202885,dalasi
http://www.wikidata.org/entity/Q1006,Guinea,http://www.wikidata.org/entity/Q3733,Conakry,http://www.wikidata.org/entity/Q4413,Alpha Condé,,,12717176,+224,http://www.wikidata.org/entity/Q213311,Guinean franc
http://www.wikidata.org/entity/Q1007,Guinea-Bissau,http://www.wikidata.org/entity/Q3739,Bissau,http://www.wikidata.org/entity/Q16855164,Omar Mokhtar Embalo,,,1861283,+245,http://www.wikidata.org/entity/Q861690,West African CFA franc
http://www.wikidata.org/entity/Q1008,Ivory Coast,http://www.wikidata.org/entity/Q3768,Yamoussoukro,http://www.wikidata.org/entity/Q57413,Alassane Dramane Ouattara,http://www.wikidata.org/entity/Q93352,coast,24294750,+225,http://www.wikidata.org/entity/Q861690,West African CFA franc
http://www.wikidata.org/entity/Q1008,Ivory Coast,http://www.wikidata.org/entity/Q3768,Yamoussoukro,http://www.wikidata.org/entity/Q57413,Alassane Dramane Ouattara,http://www.wikidata.org/entity/Q29838213,elephant ivory,24294750,+225,http://www.wikidata.org/entity/Q861690,West African CFA franc
http://www.wikidata.org/entity/Q1009,Cameroon,http://www.wikidata.org/entity/Q3808,Yaoundé,http://www.wikidata.org/entity/Q57272,Paul Biya,,,24053727,+237,http://www.wikidata.org/entity/Q847739,Central African CFA franc
http://www.wikidata.org/entity/Q1011,Cape Verde,http://www.wikidata.org/entity/Q3751,Praia,http://www.wikidata.org/entity/Q57517,Jorge Carlos Fonseca,http://www.wikidata.org/entity/Q216889,Cap-Vert,546388,+238,http://www.wikidata.org/entity/Q4591,Cape Verdean escudo
http://www.wikidata.org/entity/Q1013,Lesotho,http://www.wikidata.org/entity/Q3909,Maseru,http://www.wikidata.org/entity/Q57537,Letsie III of Lesotho,http://www.wikidata.org/entity/Q34340,Sesotho,2233339,+266,http://www.wikidata.org/entity/Q181907,South African rand
http://www.wikidata.org/entity/Q1013,Lesotho,http://www.wikidata.org/entity/Q3909,Maseru,http://www.wikidata.org/entity/Q57537,Letsie III of Lesotho,http://www.wikidata.org/entity/Q34340,Sesotho,2233339,+266,http://www.wikidata.org/entity/Q208039,Lesotho loti
http://www.wikidata.org/entity/Q1014,Liberia,http://www.wikidata.org/entity/Q3748,Monrovia,http://www.wikidata.org/entity/Q173139,George Weah,,,4731906,+231,http://www.wikidata.org/entity/Q4917,United States dollar
http://www.wikidata.org/entity/Q1014,Liberia,http://www.wikidata.org/entity/Q3748,Monrovia,http://www.wikidata.org/entity/Q173139,George Weah,,,4731906,+231,http://www.wikidata.org/entity/Q242988,Liberian dollar
http://www.wikidata.org/entity/Q1016,Libya,http://www.wikidata.org/entity/Q3579,Tripoli,http://www.wikidata.org/entity/Q17485808,Aguila Saleh Issa,,,6678567,+218,http://www.wikidata.org/entity/Q190699,Libyan dinar
http://www.wikidata.org/entity/Q1019,Madagascar,http://www.wikidata.org/entity/Q3915,Antananarivo,http://www.wikidata.org/entity/Q57363,Andry Rajoelina,http://www.wikidata.org/entity/Q2449,Mogadishu,25570895,+261,http://www.wikidata.org/entity/Q4584,Malagasy ariary
http://www.wikidata.org/entity/Q1020,Malawi,http://www.wikidata.org/entity/Q3876,Lilongwe,http://www.wikidata.org/entity/Q16202782,Lazarus Chakwera,http://www.wikidata.org/entity/Q5532,Lake Malawi,18622104,+265,http://www.wikidata.org/entity/Q211694,Malawian kwacha
http://www.wikidata.org/entity/Q1025,Mauritania,http://www.wikidata.org/entity/Q3688,Nouakchott,http://www.wikidata.org/entity/Q12241106,Mohamed Ould Ghazouani,http://www.wikidata.org/entity/Q169260,Moors,4420184,+222,http://www.wikidata.org/entity/Q207024,Mauritanian ouguiya
http://www.wikidata.org/entity/Q1025,Mauritania,http://www.wikidata.org/entity/Q3688,Nouakchott,http://www.wikidata.org/entity/Q12241106,Mohamed Ould Ghazouani,http://www.wikidata.org/entity/Q309272,Mauretania,4420184,+222,http://www.wikidata.org/entity/Q207024,Mauritanian ouguiya
http://www.wikidata.org/entity/Q1027,Mauritius,http://www.wikidata.org/entity/Q3929,Port Louis,http://www.wikidata.org/entity/Q27662367,Barlen Vyapoory,http://www.wikidata.org/entity/Q2656389,Mauritius Island,1264613,+230,http://www.wikidata.org/entity/Q212967,Mauritian rupee
http://www.wikidata.org/entity/Q1028,Morocco,http://www.wikidata.org/entity/Q3551,Rabat,http://www.wikidata.org/entity/Q57553,Mohammed VI,http://www.wikidata.org/entity/Q679,west,36029138,+212,http://www.wikidata.org/entity/Q200192,Moroccan dirham
http://www.wikidata.org/entity/Q1028,Morocco,http://www.wikidata.org/entity/Q3551,Rabat,http://www.wikidata.org/entity/Q57553,Mohammed VI,http://www.wikidata.org/entity/Q101625,Marrakesh,36029138,+212,http://www.wikidata.org/entity/Q200192,Moroccan dirham
http://www.wikidata.org/entity/Q1029,Mozambique,http://www.wikidata.org/entity/Q3889,Maputo,http://www.wikidata.org/entity/Q5448556,Filipe Nyusi,http://www.wikidata.org/entity/Q331099,Island of Mozambique,29668834,+258,http://www.wikidata.org/entity/Q200753,Mozambican metical
http://www.wikidata.org/entity/Q1030,Namibia,http://www.wikidata.org/entity/Q3935,Windhoek,http://www.wikidata.org/entity/Q1568274,Hage Gottfried Geingob,http://www.wikidata.org/entity/Q131377,Namib,2533794,+264,http://www.wikidata.org/entity/Q202462,Namibian dollar
http://www.wikidata.org/entity/Q1032,Niger,http://www.wikidata.org/entity/Q3674,Niamey,http://www.wikidata.org/entity/Q57482,Mahamadou Issoufou,http://www.wikidata.org/entity/Q3542,Rivers of Africa,21477348,+227,http://www.wikidata.org/entity/Q861690,West African CFA franc
http://www.wikidata.org/entity/Q1033,Nigeria,http://www.wikidata.org/entity/Q3787,Abuja,http://www.wikidata.org/entity/Q361567,Muhammadu Buhari,http://www.wikidata.org/entity/Q3542,Rivers of Africa,190886311,+234,http://www.wikidata.org/entity/Q203567,Nigerian naira
http://www.wikidata.org/entity/Q1036,Uganda,http://www.wikidata.org/entity/Q3894,Kampala,http://www.wikidata.org/entity/Q57274,Yoweri Museveni,,,42862958,+256,http://www.wikidata.org/entity/Q4598,Ugandan shilling
http://www.wikidata.org/entity/Q1037,Rwanda,http://www.wikidata.org/entity/Q3859,Kigali,http://www.wikidata.org/entity/Q1231345,Paul Kagame,,,12208407,+250,http://www.wikidata.org/entity/Q4741,Rwandan franc
http://www.wikidata.org/entity/Q1039,São Tomé and Príncipe,http://www.wikidata.org/entity/Q3932,São Tomé,http://www.wikidata.org/entity/Q709734,Evaristo Carvalho,,,204327,+239,http://www.wikidata.org/entity/Q193712,São Tomé and Príncipe dobra
http://www.wikidata.org/entity/Q1041,Senegal,http://www.wikidata.org/entity/Q3718,Dakar,http://www.wikidata.org/entity/Q57438,Macky Sall,http://www.wikidata.org/entity/Q3569,Senegal River,15850567,+221,http://www.wikidata.org/entity/Q861690,West African CFA franc
http://www.wikidata.org/entity/Q1042,Seychelles,http://www.wikidata.org/entity/Q3940,Victoria,http://www.wikidata.org/entity/Q5220343,Danny Faure,http://www.wikidata.org/entity/Q950360,Jean Moreau de Séchelles,95843,+248,http://www.wikidata.org/entity/Q4595,Seychellois rupee
http://www.wikidata.org/entity/Q1044,Sierra Leone,http://www.wikidata.org/entity/Q3780,Freetown,http://www.wikidata.org/entity/Q283829,Julius Maada Bio,http://www.wikidata.org/entity/Q20191018,Lion Mountains,7557212,+232,http://www.wikidata.org/entity/Q4587,Sierra Leonean leone
http://www.wikidata.org/entity/Q1045,Somalia,http://www.wikidata.org/entity/Q2449,Mogadishu,http://www.wikidata.org/entity/Q558575,Mohamed Abdullahi Farmajo,,,11031386,+252,http://www.wikidata.org/entity/Q4603,Somali shilling
http://www.wikidata.org/entity/Q1049,Sudan,http://www.wikidata.org/entity/Q1963,Khartoum,http://www.wikidata.org/entity/Q63111184,Abdel Fattah al-Burhan,,,40533330,+249,http://www.wikidata.org/entity/Q271206,Sudanese pound
http://www.wikidata.org/entity/Q1050,Eswatini,http://www.wikidata.org/entity/Q3904,Mbabane,http://www.wikidata.org/entity/Q57340,Mswati III,,,1124753,+268,http://www.wikidata.org/entity/Q4823,lilangeni
http://www.wikidata.org/entity/Q1050,Eswatini,http://www.wikidata.org/entity/Q101418,Lobamba,http://www.wikidata.org/entity/Q57340,Mswati III,,,1124753,+268,http://www.wikidata.org/entity/Q4823,lilangeni
http://www.wikidata.org/entity/Q12557,Mongol Empire,http://www.wikidata.org/entity/Q62677,Karakorum,http://www.wikidata.org/entity/Q720,Genghis Khan,,,160000000,,http://www.wikidata.org/entity/Q4077050,Balysh
http://www.wikidata.org/entity/Q12557,Mongol Empire,http://www.wikidata.org/entity/Q471765,Xanadu,http://www.wikidata.org/entity/Q720,Genghis Khan,,,160000000,,http://www.wikidata.org/entity/Q4077050,Balysh
http://www.wikidata.org/entity/Q12557,Mongol Empire,http://www.wikidata.org/entity/Q1028086,Khanbaliq,http://www.wikidata.org/entity/Q720,Genghis Khan,,,160000000,,http://www.wikidata.org/entity/Q4077050,Balysh
http://www.wikidata.org/entity/Q12557,Mongol Empire,http://www.wikidata.org/entity/Q4827751,Avarga,http://www.wikidata.org/entity/Q720,Genghis Khan,,,160000000,,http://www.wikidata.org/entity/Q4077050,Balysh
http://www.wikidata.org/entity/Q12557,Mongol Empire,http://www.wikidata.org/entity/Q62677,Karakorum,http://www.wikidata.org/entity/Q7519,Ögedei Khan,,,160000000,,http://www.wikidata.org/entity/Q4077050,Balysh
http://www.wikidata.org/entity/Q12557,Mongol Empire,http://www.wikidata.org/entity/Q471765,Xanadu,http://www.wikidata.org/entity/Q7519,Ögedei Khan,,,160000000,,http://www.wikidata.org/entity/Q4077050,Balysh
http://www.wikidata.org/entity/Q12557,Mongol Empire,http://www.wikidata.org/entity/Q1028086,Khanbaliq,http://www.wikidata.org/entity/Q7519,Ögedei Khan,,,160000000,,http://www.wikidata.org/entity/Q4077050,Balysh
http://www.wikidata.org/entity/Q12557,Mongol Empire,http://www.wikidata.org/entity/Q4827751,Avarga,http://www.wikidata.org/entity/Q7519,Ögedei Khan,,,160000000,,http://www.wikidata.org/entity/Q4077050,Balysh
http://www.wikidata.org/entity/Q12557,Mongol Empire,http://www.wikidata.org/entity/Q62677,Karakorum,http://www.wikidata.org/entity/Q7520,Güyük Khan,,,160000000,,http://www.wikidata.org/entity/Q4077050,Balysh
http://www.wikidata.org/entity/Q12557,Mongol Empire,http://www.wikidata.org/entity/Q471765,Xanadu,http://www.wikidata.org/entity/Q7520,Güyük Khan,,,160000000,,http://www.wikidata.org/entity/Q4077050,Balysh
http://www.wikidata.org/entity/Q12557,Mongol Empire,http://www.wikidata.org/entity/Q1028086,Khanbaliq,http://www.wikidata.org/entity/Q7520,Güyük Khan,,,160000000,,http://www.wikidata.org/entity/Q4077050,Balysh
http://www.wikidata.org/entity/Q12557,Mongol Empire,http://www.wikidata.org/entity/Q4827751,Avarga,http://www.wikidata.org/entity/Q7520,Güyük Khan,,,160000000,,http://www.wikidata.org/entity/Q4077050,Balysh
http://www.wikidata.org/entity/Q12557,Mongol Empire,http://www.wikidata.org/entity/Q62677,Karakorum,http://www.wikidata.org/entity/Q7521,Möngke Khan,,,160000000,,http://www.wikidata.org/entity/Q4077050,Balysh
http://www.wikidata.org/entity/Q12557,Mongol Empire,http://www.wikidata.org/entity/Q471765,Xanadu,http://www.wikidata.org/entity/Q7521,Möngke Khan,,,160000000,,http://www.wikidata.org/entity/Q4077050,Balysh
http://www.wikidata.org/entity/Q12557,Mongol Empire,http://www.wikidata.org/entity/Q1028086,Khanbaliq,http://www.wikidata.org/entity/Q7521,Möngke Khan,,,160000000,,http://www.wikidata.org/entity/Q4077050,Balysh
http://www.wikidata.org/entity/Q12557,Mongol Empire,http://www.wikidata.org/entity/Q4827751,Avarga,http://www.wikidata.org/entity/Q7521,Möngke Khan,,,160000000,,http://www.wikidata.org/entity/Q4077050,Balysh
http://www.wikidata.org/entity/Q12557,Mongol Empire,http://www.wikidata.org/entity/Q62677,Karakorum,http://www.wikidata.org/entity/Q7523,Kublai Khan,,,160000000,,http://www.wikidata.org/entity/Q4077050,Balysh
http://www.wikidata.org/entity/Q12557,Mongol Empire,http://www.wikidata.org/entity/Q471765,Xanadu,http://www.wikidata.org/entity/Q7523,Kublai Khan,,,160000000,,http://www.wikidata.org/entity/Q4077050,Balysh
http://www.wikidata.org/entity/Q12557,Mongol Empire,http://www.wikidata.org/entity/Q1028086,Khanbaliq,http://www.wikidata.org/entity/Q7523,Kublai Khan,,,160000000,,http://www.wikidata.org/entity/Q4077050,Balysh
http://www.wikidata.org/entity/Q12557,Mongol Empire,http://www.wikidata.org/entity/Q4827751,Avarga,http://www.wikidata.org/entity/Q7523,Kublai Khan,,,160000000,,http://www.wikidata.org/entity/Q4077050,Balysh
http://www.wikidata.org/entity/Q12557,Mongol Empire,http://www.wikidata.org/entity/Q62677,Karakorum,http://www.wikidata.org/entity/Q8666,Toghon Temür,,,160000000,,http://www.wikidata.org/entity/Q4077050,Balysh
http://www.wikidata.org/entity/Q12557,Mongol Empire,http://www.wikidata.org/entity/Q471765,Xanadu,http://www.wikidata.org/entity/Q8666,Toghon Temür,,,160000000,,http://www.wikidata.org/entity/Q4077050,Balysh
http://www.wikidata.org/entity/Q12557,Mongol Empire,http://www.wikidata.org/entity/Q1028086,Khanbaliq,http://www.wikidata.org/entity/Q8666,Toghon Temür,,,160000000,,http://www.wikidata.org/entity/Q4077050,Balysh
http://www.wikidata.org/entity/Q12557,Mongol Empire,http://www.wikidata.org/entity/Q4827751,Avarga,http://www.wikidata.org/entity/Q8666,Toghon Temür,,,160000000,,http://www.wikidata.org/entity/Q4077050,Balysh
http://www.wikidata.org/entity/Q16641,American Samoa,http://www.wikidata.org/entity/Q51678,Pago Pago,,,http://www.wikidata.org/entity/Q30,United States of America,55689,+1684,http://www.wikidata.org/entity/Q4917,United States dollar
http://www.wikidata.org/entity/Q16641,American Samoa,http://www.wikidata.org/entity/Q51678,Pago Pago,,,http://www.wikidata.org/entity/Q162126,Samoan Islands,55689,+1684,http://www.wikidata.org/entity/Q4917,United States dollar
http://www.wikidata.org/entity/Q16644,Northern Mariana Islands,http://www.wikidata.org/entity/Q51679,Saipan,,,http://www.wikidata.org/entity/Q659,north,55144,+1670,http://www.wikidata.org/entity/Q4917,United States dollar
http://www.wikidata.org/entity/Q16644,Northern Mariana Islands,http://www.wikidata.org/entity/Q51679,Saipan,,,http://www.wikidata.org/entity/Q153732,Mariana Islands,55144,+1670,http://www.wikidata.org/entity/Q4917,United States dollar
http://www.wikidata.org/entity/Q16644,Northern Mariana Islands,http://www.wikidata.org/entity/Q51679,Saipan,,,http://www.wikidata.org/entity/Q311469,Mariana of Austria,55144,+1670,http://www.wikidata.org/entity/Q4917,United States dollar
http://www.wikidata.org/entity/Q21203,Aruba,http://www.wikidata.org/entity/Q131243,Oranjestad,http://www.wikidata.org/entity/Q154952,Willem-Alexander of the Netherlands,,,102911,+297,http://www.wikidata.org/entity/Q232270,Aruban florin
http://www.wikidata.org/entity/Q26273,Sint Maarten,http://www.wikidata.org/entity/Q30958,Philipsburg,http://www.wikidata.org/entity/Q154952,Willem-Alexander of the Netherlands,http://www.wikidata.org/entity/Q25596,Saint Martin,37132,+1721,http://www.wikidata.org/entity/Q522701,Netherlands Antillean guilder
http://www.wikidata.org/entity/Q26273,Sint Maarten,http://www.wikidata.org/entity/Q30958,Philipsburg,http://www.wikidata.org/entity/Q2298739,Eugene Holiday,http://www.wikidata.org/entity/Q25596,Saint Martin,37132,+1721,http://www.wikidata.org/entity/Q522701,Netherlands Antillean guilder
http://www.wikidata.org/entity/Q26988,Cook Islands,http://www.wikidata.org/entity/Q170482,Avarua,http://www.wikidata.org/entity/Q9682,Elizabeth II,,,17434,+682,http://www.wikidata.org/entity/Q507737,Cook Islands dollar
http://www.wikidata.org/entity/Q26988,Cook Islands,http://www.wikidata.org/entity/Q170482,Avarua,http://www.wikidata.org/entity/Q9682,Elizabeth II,,,17434,+682,http://www.wikidata.org/entity/Q1472704,New Zealand dollar
http://www.wikidata.org/entity/Q29999,Kingdom of the Netherlands,http://www.wikidata.org/entity/Q727,Amsterdam,http://www.wikidata.org/entity/Q154952,Willem-Alexander of the Netherlands,,,17100715,+31,http://www.wikidata.org/entity/Q4916,euro
http://www.wikidata.org/entity/Q842,Oman,http://www.wikidata.org/entity/Q3826,Muscat,http://www.wikidata.org/entity/Q12250314,Haitham bin Tariq Al Said,,,4829480,+968,http://www.wikidata.org/entity/Q272290,Omani rial
http://www.wikidata.org/entity/Q843,Pakistan,http://www.wikidata.org/entity/Q1362,Islamabad,http://www.wikidata.org/entity/Q4790529,Arif Alvi,http://www.wikidata.org/entity/Q692096,cleanliness,216565318,+92,http://www.wikidata.org/entity/Q188289,Pakistani rupee
http://www.wikidata.org/entity/Q846,Qatar,http://www.wikidata.org/entity/Q3861,Doha,http://www.wikidata.org/entity/Q1855372,Tamim bin Hamad Al Thani,,,2639211,+974,http://www.wikidata.org/entity/Q206386,Qatari riyal
http://www.wikidata.org/entity/Q851,Saudi Arabia,http://www.wikidata.org/entity/Q3692,Riyadh,http://www.wikidata.org/entity/Q367825,Salman of Saudi Arabia,http://www.wikidata.org/entity/Q3473084,Saud I,33000000,+966,http://www.wikidata.org/entity/Q199857,Saudi riyal
http://www.wikidata.org/entity/Q854,Sri Lanka,http://www.wikidata.org/entity/Q35381,Colombo,http://www.wikidata.org/entity/Q6737124,Maithripala Sirisena,,,21444000,+94,http://www.wikidata.org/entity/Q4596,Sri Lankan rupee
http://www.wikidata.org/entity/Q854,Sri Lanka,http://www.wikidata.org/entity/Q41963,Sri Jayawardenepura Kotte,http://www.wikidata.org/entity/Q6737124,Maithripala Sirisena,,,21444000,+94,http://www.wikidata.org/entity/Q4596,Sri Lankan rupee
http://www.wikidata.org/entity/Q907112,Transnistria,http://www.wikidata.org/entity/Q132572,Tiraspol,http://www.wikidata.org/entity/Q2035881,Vadim Krasnoselsky,http://www.wikidata.org/entity/Q1143148,Moldavian Autonomous Soviet Socialist Republic,469000,+373,http://www.wikidata.org/entity/Q200979,Transnistrian ruble
http://www.wikidata.org/entity/Q907112,Transnistria,http://www.wikidata.org/entity/Q132572,Tiraspol,http://www.wikidata.org/entity/Q2035881,Vadim Krasnoselsky,http://www.wikidata.org/entity/Q7242857,Pridnestrovian Moldavian Soviet Socialist Republic,469000,+373,http://www.wikidata.org/entity/Q200979,Transnistrian ruble
http://www.wikidata.org/entity/Q30025589,Faedo,,,,,,,,,,
http://www.wikidata.org/entity/Q30031961,Zambana,,,,,,,,,,
http://www.wikidata.org/entity/Q837,Nepal,http://www.wikidata.org/entity/Q3037,Kathmandu,http://www.wikidata.org/entity/Q16193958,Bidya Devi Bhandari,,,29400000,+977,http://www.wikidata.org/entity/Q202895,Nepalese rupee
http://www.wikidata.org/entity/Q801,Israel,http://www.wikidata.org/entity/Q1218,Jerusalem,http://www.wikidata.org/entity/Q455854,Reuven Rivlin,http://www.wikidata.org/entity/Q155321,Land of Israel,9093000,+972,http://www.wikidata.org/entity/Q131309,new shekel
http://www.wikidata.org/entity/Q805,Yemen,http://www.wikidata.org/entity/Q2471,Sana'a,http://www.wikidata.org/entity/Q57480,Abdrabbuh Mansour Hadi,,,28250420,+967,http://www.wikidata.org/entity/Q240512,Yemeni rial
http://www.wikidata.org/entity/Q805,Yemen,http://www.wikidata.org/entity/Q131694,Aden,http://www.wikidata.org/entity/Q57480,Abdrabbuh Mansour Hadi,,,28250420,+967,http://www.wikidata.org/entity/Q240512,Yemeni rial
http://www.wikidata.org/entity/Q810,Jordan,http://www.wikidata.org/entity/Q3805,Amman,http://www.wikidata.org/entity/Q57464,Abdullah II of Jordan,http://www.wikidata.org/entity/Q40059,Jordan River,10428241,+962,http://www.wikidata.org/entity/Q203722,Jordanian dinar
http://www.wikidata.org/entity/Q811,Nicaragua,http://www.wikidata.org/entity/Q3274,Managua,http://www.wikidata.org/entity/Q57402,Daniel Ortega,http://www.wikidata.org/entity/Q365654,Nicarao,6217581,+505,http://www.wikidata.org/entity/Q207312,Nicaraguan córdoba
http://www.wikidata.org/entity/Q813,Kyrgyzstan,http://www.wikidata.org/entity/Q9361,Bishkek,http://www.wikidata.org/entity/Q23810819,Sooronbay Jeenbekov,,,6201500,+996,http://www.wikidata.org/entity/Q35881,Kyrgyzstani som
http://www.wikidata.org/entity/Q819,Laos,http://www.wikidata.org/entity/Q9326,Vientiane,http://www.wikidata.org/entity/Q470024,Bounnhang Vorachith,,,6858160,+856,http://www.wikidata.org/entity/Q200055,Lao kip
http://www.wikidata.org/entity/Q822,Lebanon,http://www.wikidata.org/entity/Q3820,Beirut,http://www.wikidata.org/entity/Q363392,Michel Aoun,,,6100075,+961,http://www.wikidata.org/entity/Q201880,Lebanese pound
http://www.wikidata.org/entity/Q826,Maldives,http://www.wikidata.org/entity/Q9347,Malé,http://www.wikidata.org/entity/Q55614252,Ibrahim Mohamed Solih,,,436330,+960,http://www.wikidata.org/entity/Q206600,Maldivian rufiyaa
http://www.wikidata.org/entity/Q833,Malaysia,http://www.wikidata.org/entity/Q1865,Kuala Lumpur,http://www.wikidata.org/entity/Q15467111,Abdullah of Pahang,,,31624264,+60,http://www.wikidata.org/entity/Q163712,Malaysian ringgit
http://www.wikidata.org/entity/Q836,Myanmar,http://www.wikidata.org/entity/Q37400,Naypyidaw,http://www.wikidata.org/entity/Q8023642,Win Myint,,,53370609,+95,http://www.wikidata.org/entity/Q201875,kyat
http://www.wikidata.org/entity/Q756617,Danish Realm,http://www.wikidata.org/entity/Q1748,Copenhagen,http://www.wikidata.org/entity/Q102139,Margrethe II of Denmark,,,5930987,+45,http://www.wikidata.org/entity/Q25417,Danish krone
http://www.wikidata.org/entity/Q756617,Danish Realm,http://www.wikidata.org/entity/Q1748,Copenhagen,http://www.wikidata.org/entity/Q102139,Margrethe II of Denmark,,,5930987,+299,http://www.wikidata.org/entity/Q25417,Danish krone
http://www.wikidata.org/entity/Q756617,Danish Realm,http://www.wikidata.org/entity/Q1748,Copenhagen,http://www.wikidata.org/entity/Q102139,Margrethe II of Denmark,,,5930987,+45,http://www.wikidata.org/entity/Q191068,Faroese króna
http://www.wikidata.org/entity/Q756617,Danish Realm,http://www.wikidata.org/entity/Q1748,Copenhagen,http://www.wikidata.org/entity/Q102139,Margrethe II of Denmark,,,5930987,+299,http://www.wikidata.org/entity/Q191068,Faroese króna
http://www.wikidata.org/entity/Q34020,Niue,http://www.wikidata.org/entity/Q30966,Alofi,http://www.wikidata.org/entity/Q9682,Elizabeth II,,,1612,+683,http://www.wikidata.org/entity/Q1472704,New Zealand dollar
http://www.wikidata.org/entity/Q34020,Niue,http://www.wikidata.org/entity/Q30966,Alofi,http://www.wikidata.org/entity/Q23498274,Patsy Reddy,,,1612,+683,http://www.wikidata.org/entity/Q1472704,New Zealand dollar
http://www.wikidata.org/entity/Q34020,Niue,http://www.wikidata.org/entity/Q30966,Alofi,http://www.wikidata.org/entity/Q9682,Elizabeth II,,,1612,+683,http://www.wikidata.org/entity/Q4165057,Niue dollar
http://www.wikidata.org/entity/Q34020,Niue,http://www.wikidata.org/entity/Q30966,Alofi,http://www.wikidata.org/entity/Q23498274,Patsy Reddy,,,1612,+683,http://www.wikidata.org/entity/Q4165057,Niue dollar
http://www.wikidata.org/entity/Q244165,Republic of Artsakh,http://www.wikidata.org/entity/Q129352,Stepanakert,http://www.wikidata.org/entity/Q440824,Arayik Harutyunyan,,,146600,+37447,http://www.wikidata.org/entity/Q94418,Nagorno-Karabakh dram
http://www.wikidata.org/entity/Q244165,Republic of Artsakh,http://www.wikidata.org/entity/Q129352,Stepanakert,http://www.wikidata.org/entity/Q440824,Arayik Harutyunyan,,,146600,+37447,http://www.wikidata.org/entity/Q130498,Armenian dram
http://www.wikidata.org/entity/Q756617,Danish Realm,http://www.wikidata.org/entity/Q1748,Copenhagen,http://www.wikidata.org/entity/Q102139,Margrethe II of Denmark,,,5930987,+298,http://www.wikidata.org/entity/Q25417,Danish krone
http://www.wikidata.org/entity/Q756617,Danish Realm,http://www.wikidata.org/entity/Q1748,Copenhagen,http://www.wikidata.org/entity/Q102139,Margrethe II of Denmark,,,5930987,+298,http://www.wikidata.org/entity/Q191068,Faroese króna
http://www.wikidata.org/entity/Q792,El Salvador,http://www.wikidata.org/entity/Q3110,San Salvador,http://www.wikidata.org/entity/Q17712353,Nayib Bukele,,,6420746,+503,http://www.wikidata.org/entity/Q4917,United States dollar
http://www.wikidata.org/entity/Q794,Iran,http://www.wikidata.org/entity/Q3616,Tehran,http://www.wikidata.org/entity/Q57336,Ali Khamenei,http://www.wikidata.org/entity/Q179733,Aryan,79966230,+98,http://www.wikidata.org/entity/Q188608,Iranian rial
http://www.wikidata.org/entity/Q796,Iraq,http://www.wikidata.org/entity/Q1530,Baghdad,http://www.wikidata.org/entity/Q808173,Barham Salih,,,38274618,+964,http://www.wikidata.org/entity/Q193094,Iraqi dinar
http://www.wikidata.org/entity/Q800,Costa Rica,http://www.wikidata.org/entity/Q3070,San José,http://www.wikidata.org/entity/Q26996246,Carlos Alvarado Quesada,,,4905769,+506,http://www.wikidata.org/entity/Q242915,Costa Rican colón
http://www.wikidata.org/entity/Q783,Honduras,http://www.wikidata.org/entity/Q3238,Tegucigalpa,http://www.wikidata.org/entity/Q5951723,Juan Orlando Hernández,,,9265067,+504,http://www.wikidata.org/entity/Q4719,Honduran lempira
http://www.wikidata.org/entity/Q784,Dominica,http://www.wikidata.org/entity/Q36281,Roseau,http://www.wikidata.org/entity/Q2960197,Charles Savarin,http://www.wikidata.org/entity/Q132,Sunday,73925,+1767,http://www.wikidata.org/entity/Q26365,Eastern Caribbean dollar
http://www.wikidata.org/entity/Q786,Dominican Republic,http://www.wikidata.org/entity/Q34820,Santo Domingo,http://www.wikidata.org/entity/Q16594097,Luis Abinader,http://www.wikidata.org/entity/Q2868,Lima,10403761,+1809,http://www.wikidata.org/entity/Q242922,Dominican peso
http://www.wikidata.org/entity/Q786,Dominican Republic,http://www.wikidata.org/entity/Q34820,Santo Domingo,http://www.wikidata.org/entity/Q16594097,Luis Abinader,http://www.wikidata.org/entity/Q34820,Santo Domingo,10403761,+1809,http://www.wikidata.org/entity/Q242922,Dominican peso
http://www.wikidata.org/entity/Q786,Dominican Republic,http://www.wikidata.org/entity/Q34820,Santo Domingo,http://www.wikidata.org/entity/Q16594097,Luis Abinader,http://www.wikidata.org/entity/Q2868,Lima,10403761,+1829,http://www.wikidata.org/entity/Q242922,Dominican peso
http://www.wikidata.org/entity/Q786,Dominican Republic,http://www.wikidata.org/entity/Q34820,Santo Domingo,http://www.wikidata.org/entity/Q16594097,Luis Abinader,http://www.wikidata.org/entity/Q34820,Santo Domingo,10403761,+1829,http://www.wikidata.org/entity/Q242922,Dominican peso
http://www.wikidata.org/entity/Q786,Dominican Republic,http://www.wikidata.org/entity/Q34820,Santo Domingo,http://www.wikidata.org/entity/Q16594097,Luis Abinader,http://www.wikidata.org/entity/Q2868,Lima,10403761,+1849,http://www.wikidata.org/entity/Q242922,Dominican peso
http://www.wikidata.org/entity/Q786,Dominican Republic,http://www.wikidata.org/entity/Q34820,Santo Domingo,http://www.wikidata.org/entity/Q16594097,Luis Abinader,http://www.wikidata.org/entity/Q34820,Santo Domingo,10403761,+1849,http://www.wikidata.org/entity/Q242922,Dominican peso
http://www.wikidata.org/entity/Q790,Haiti,http://www.wikidata.org/entity/Q34261,Port-au-Prince,http://www.wikidata.org/entity/Q21294765,Jovenel Moïse,,,10981229,+509,http://www.wikidata.org/entity/Q203955,gourde
http://www.wikidata.org/entity/Q16,Canada,http://www.wikidata.org/entity/Q1930,Ottawa,http://www.wikidata.org/entity/Q9682,Elizabeth II,http://www.wikidata.org/entity/Q3339246,Stadacona,37894799,+1,http://www.wikidata.org/entity/Q1104069,Canadian dollar
http://www.wikidata.org/entity/Q17,Japan,http://www.wikidata.org/entity/Q1490,Tokyo,http://www.wikidata.org/entity/Q217096,Naruhito,,,126785797,+81,http://www.wikidata.org/entity/Q8146,Japanese yen
http://www.wikidata.org/entity/Q20,Norway,http://www.wikidata.org/entity/Q585,Oslo,http://www.wikidata.org/entity/Q57287,Harald V of Norway,http://www.wikidata.org/entity/Q659,north,5367580,+47,http://www.wikidata.org/entity/Q132643,Norwegian krone
http://www.wikidata.org/entity/Q20,Norway,http://www.wikidata.org/entity/Q585,Oslo,http://www.wikidata.org/entity/Q57287,Harald V of Norway,http://www.wikidata.org/entity/Q34442,road,5367580,+47,http://www.wikidata.org/entity/Q132643,Norwegian krone
http://www.wikidata.org/entity/Q25,Wales,http://www.wikidata.org/entity/Q10690,Cardiff,,,,,3113000,,http://www.wikidata.org/entity/Q25224,pound sterling
http://www.wikidata.org/entity/Q27,Ireland,http://www.wikidata.org/entity/Q1761,Dublin,http://www.wikidata.org/entity/Q57276,Michael D. Higgins,http://www.wikidata.org/entity/Q22890,Ireland,4761865,+353,http://www.wikidata.org/entity/Q4916,euro
http://www.wikidata.org/entity/Q30,United States of America,http://www.wikidata.org/entity/Q61,"Washington, D.C.",http://www.wikidata.org/entity/Q22686,Donald Trump,http://www.wikidata.org/entity/Q828,Americas,328239523,+1,http://www.wikidata.org/entity/Q4917,United States dollar
http://www.wikidata.org/entity/Q33,Finland,http://www.wikidata.org/entity/Q1757,Helsinki,http://www.wikidata.org/entity/Q29207,Sauli Niinistö,http://www.wikidata.org/entity/Q170284,Finns,5501043,+358,http://www.wikidata.org/entity/Q4916,euro
http://www.wikidata.org/entity/Q35,Denmark,http://www.wikidata.org/entity/Q1748,Copenhagen,http://www.wikidata.org/entity/Q102139,Margrethe II of Denmark,,,5827463,+45,http://www.wikidata.org/entity/Q25417,Danish krone
http://www.wikidata.org/entity/Q36,Poland,http://www.wikidata.org/entity/Q270,Warsaw,http://www.wikidata.org/entity/Q9151911,Andrzej Duda,http://www.wikidata.org/entity/Q428713,Polans,38382576,+48,http://www.wikidata.org/entity/Q123213,złoty
http://www.wikidata.org/entity/Q36,Poland,http://www.wikidata.org/entity/Q270,Warsaw,http://www.wikidata.org/entity/Q9151911,Andrzej Duda,http://www.wikidata.org/entity/Q428713,Polans,38382576,+48,http://www.wikidata.org/entity/Q1779554,Polish marka
http://www.wikidata.org/entity/Q38,Italy,http://www.wikidata.org/entity/Q220,Rome,http://www.wikidata.org/entity/Q3956186,Sergio Mattarella,,,60317000,+39,http://www.wikidata.org/entity/Q4916,euro
http://www.wikidata.org/entity/Q40,Austria,http://www.wikidata.org/entity/Q1741,Vienna,http://www.wikidata.org/entity/Q78869,Alexander Van der Bellen,http://www.wikidata.org/entity/Q684,east,8809212,+43,http://www.wikidata.org/entity/Q4916,euro
http://www.wikidata.org/entity/Q40,Austria,http://www.wikidata.org/entity/Q1741,Vienna,http://www.wikidata.org/entity/Q78869,Alexander Van der Bellen,http://www.wikidata.org/entity/Q510604,Raabs an der Thaya,8809212,+43,http://www.wikidata.org/entity/Q4916,euro
http://www.wikidata.org/entity/Q43,Turkey,http://www.wikidata.org/entity/Q3640,Ankara,http://www.wikidata.org/entity/Q39259,Recep Tayyip Erdoğan,,,82003882,+90,http://www.wikidata.org/entity/Q172872,Turkish lira
http://www.wikidata.org/entity/Q45,Portugal,http://www.wikidata.org/entity/Q597,Lisbon,http://www.wikidata.org/entity/Q6756617,Marcelo Rebelo de Sousa,,,10600000,+351,http://www.wikidata.org/entity/Q4916,euro
http://www.wikidata.org/entity/Q45,Portugal,http://www.wikidata.org/entity/Q45412,Coimbra,http://www.wikidata.org/entity/Q6756617,Marcelo Rebelo de Sousa,,,10600000,+351,http://www.wikidata.org/entity/Q4916,euro
http://www.wikidata.org/entity/Q55,Netherlands,http://www.wikidata.org/entity/Q727,Amsterdam,http://www.wikidata.org/entity/Q154952,Willem-Alexander of the Netherlands,,,17282163,+31,http://www.wikidata.org/entity/Q4916,euro
http://www.wikidata.org/entity/Q77,Uruguay,http://www.wikidata.org/entity/Q1335,Montevideo,http://www.wikidata.org/entity/Q6800406,Luis Alberto Lacalle Pou,http://www.wikidata.org/entity/Q18278,Uruguay River,3456750,+598,http://www.wikidata.org/entity/Q209272,Uruguayan peso
http://www.wikidata.org/entity/Q79,Egypt,http://www.wikidata.org/entity/Q85,Cairo,http://www.wikidata.org/entity/Q307871,Abdel Fattah el-Sisi,http://www.wikidata.org/entity/Q146321,Ptah,94798827,+20,http://www.wikidata.org/entity/Q199462,Egyptian pound
http://www.wikidata.org/entity/Q79,Egypt,http://www.wikidata.org/entity/Q85,Cairo,http://www.wikidata.org/entity/Q307871,Abdel Fattah el-Sisi,http://www.wikidata.org/entity/Q1369215,Mizraim,94798827,+20,http://www.wikidata.org/entity/Q199462,Egyptian pound
http://www.wikidata.org/entity/Q96,Mexico,http://www.wikidata.org/entity/Q1489,Mexico City,http://www.wikidata.org/entity/Q318508,Andrés Manuel López Obrador,,,130526945,+52,http://www.wikidata.org/entity/Q4730,Mexican peso
http://www.wikidata.org/entity/Q114,Kenya,http://www.wikidata.org/entity/Q3870,Nairobi,http://www.wikidata.org/entity/Q196070,Uhuru Kenyatta,http://www.wikidata.org/entity/Q172070,Mount Kenya,48468138,+254,http://www.wikidata.org/entity/Q202882,Kenyan shilling
http://www.wikidata.org/entity/Q115,Ethiopia,http://www.wikidata.org/entity/Q3624,Addis Ababa,http://www.wikidata.org/entity/Q7399685,Sahle-Work Zewde,,,104957438,+251,http://www.wikidata.org/entity/Q206243,birr
http://www.wikidata.org/entity/Q117,Ghana,http://www.wikidata.org/entity/Q3761,Accra,http://www.wikidata.org/entity/Q718601,Nana Akufo-Addo,http://www.wikidata.org/entity/Q206789,Ghana Empire,26908262,+233,http://www.wikidata.org/entity/Q183530,Ghana cedi
http://www.wikidata.org/entity/Q142,France,http://www.wikidata.org/entity/Q90,Paris,http://www.wikidata.org/entity/Q3052772,Emmanuel Macron,http://www.wikidata.org/entity/Q43482,Franks,66628000,+33,http://www.wikidata.org/entity/Q4916,euro
http://www.wikidata.org/entity/Q145,United Kingdom,http://www.wikidata.org/entity/Q84,London,http://www.wikidata.org/entity/Q9682,Elizabeth II,,,66022273,+44,http://www.wikidata.org/entity/Q25224,pound sterling
http://www.wikidata.org/entity/Q148,People's Republic of China,http://www.wikidata.org/entity/Q956,Beijing,http://www.wikidata.org/entity/Q15031,Xi Jinping,,,1409517397,+86,http://www.wikidata.org/entity/Q39099,renminbi
http://www.wikidata.org/entity/Q155,Brazil,http://www.wikidata.org/entity/Q2844,Brasília,http://www.wikidata.org/entity/Q10304982,Jair Bolsonaro,http://www.wikidata.org/entity/Q216469,Caesalpinia echinata,210147125,+55,http://www.wikidata.org/entity/Q173117,Brazilian real
http://www.wikidata.org/entity/Q183,Germany,http://www.wikidata.org/entity/Q64,Berlin,http://www.wikidata.org/entity/Q76658,Frank-Walter Steinmeier,http://www.wikidata.org/entity/Q62646,Germania,83149300,+49,http://www.wikidata.org/entity/Q4916,euro
http://www.wikidata.org/entity/Q211,Latvia,http://www.wikidata.org/entity/Q1773,Riga,http://www.wikidata.org/entity/Q348043,Egils Levits,,,1909000,+371,http://www.wikidata.org/entity/Q4916,euro
http://www.wikidata.org/entity/Q214,Slovakia,http://www.wikidata.org/entity/Q1780,Bratislava,http://www.wikidata.org/entity/Q26273268,Zuzana Čaputová,,,5397036,+421,http://www.wikidata.org/entity/Q4916,euro
http://www.wikidata.org/entity/Q218,Romania,http://www.wikidata.org/entity/Q19660,Bucharest,http://www.wikidata.org/entity/Q701484,Klaus Iohannis,http://www.wikidata.org/entity/Q1747689,Ancient Rome,19586539,+40,http://www.wikidata.org/entity/Q131645,Romanian leu
http://www.wikidata.org/entity/Q219,Bulgaria,http://www.wikidata.org/entity/Q472,Sofia,http://www.wikidata.org/entity/Q26257557,Rumen Radev,http://www.wikidata.org/entity/Q110117,Bulgars,7000039,+359,http://www.wikidata.org/entity/Q172540,Bulgarian lev
http://www.wikidata.org/entity/Q224,Croatia,http://www.wikidata.org/entity/Q1435,Zagreb,http://www.wikidata.org/entity/Q57687,Zoran Milanović,,,4105493,+385,http://www.wikidata.org/entity/Q26360,Croatian kuna
http://www.wikidata.org/entity/Q232,Kazakhstan,http://www.wikidata.org/entity/Q1520,Nur-Sultan,http://www.wikidata.org/entity/Q200881,Kassym-Jomart Tokayev,http://www.wikidata.org/entity/Q80040,Kazakhs,18276500,+7,http://www.wikidata.org/entity/Q173751,Kazakhstani tenge
http://www.wikidata.org/entity/Q236,Montenegro,http://www.wikidata.org/entity/Q23564,Podgorica,http://www.wikidata.org/entity/Q200305,Milo Đukanović,http://www.wikidata.org/entity/Q1370044,Lovćen,622359,+382,http://www.wikidata.org/entity/Q4916,euro
http://www.wikidata.org/entity/Q244,Barbados,http://www.wikidata.org/entity/Q36168,Bridgetown,http://www.wikidata.org/entity/Q9682,Elizabeth II,,,285719,+1246,http://www.wikidata.org/entity/Q194351,Barbadian dollar
http://www.wikidata.org/entity/Q252,Indonesia,http://www.wikidata.org/entity/Q3630,Jakarta,http://www.wikidata.org/entity/Q3318231,Joko Widodo,,,270625568,+62,http://www.wikidata.org/entity/Q41588,rupiah
http://www.wikidata.org/entity/Q258,South Africa,http://www.wikidata.org/entity/Q3926,Pretoria,http://www.wikidata.org/entity/Q1148669,Matamela Cyril Ramaphosa,http://www.wikidata.org/entity/Q15,Africa,59622350,+27,http://www.wikidata.org/entity/Q181907,South African rand
http://www.wikidata.org/entity/Q258,South Africa,http://www.wikidata.org/entity/Q5465,Cape Town,http://www.wikidata.org/entity/Q1148669,Matamela Cyril Ramaphosa,http://www.wikidata.org/entity/Q15,Africa,59622350,+27,http://www.wikidata.org/entity/Q181907,South African rand
http://www.wikidata.org/entity/Q258,South Africa,http://www.wikidata.org/entity/Q37701,Bloemfontein,http://www.wikidata.org/entity/Q1148669,Matamela Cyril Ramaphosa,http://www.wikidata.org/entity/Q15,Africa,59622350,+27,http://www.wikidata.org/entity/Q181907,South African rand
http://www.wikidata.org/entity/Q258,South Africa,http://www.wikidata.org/entity/Q3926,Pretoria,http://www.wikidata.org/entity/Q1148669,Matamela Cyril Ramaphosa,http://www.wikidata.org/entity/Q667,south,59622350,+27,http://www.wikidata.org/entity/Q181907,South African rand
http://www.wikidata.org/entity/Q258,South Africa,http://www.wikidata.org/entity/Q5465,Cape Town,http://www.wikidata.org/entity/Q1148669,Matamela Cyril Ramaphosa,http://www.wikidata.org/entity/Q667,south,59622350,+27,http://www.wikidata.org/entity/Q181907,South African rand
http://www.wikidata.org/entity/Q258,South Africa,http://www.wikidata.org/entity/Q37701,Bloemfontein,http://www.wikidata.org/entity/Q1148669,Matamela Cyril Ramaphosa,http://www.wikidata.org/entity/Q667,south,59622350,+27,http://www.wikidata.org/entity/Q181907,South African rand
http://www.wikidata.org/entity/Q262,Algeria,http://www.wikidata.org/entity/Q3561,Algiers,http://www.wikidata.org/entity/Q2821166,Abdelmadjid Tebboune,,,41318142,+213,http://www.wikidata.org/entity/Q199674,Algerian dinar
http://www.wikidata.org/entity/Q265,Uzbekistan,http://www.wikidata.org/entity/Q269,Tashkent,http://www.wikidata.org/entity/Q57808,Shavkat Mirziyoyev,,,33570609,+998,http://www.wikidata.org/entity/Q487888,Uzbekistani som
http://www.wikidata.org/entity/Q298,Chile,http://www.wikidata.org/entity/Q2887,Santiago,http://www.wikidata.org/entity/Q306,Sebastián Piñera,,,18054726,+56,http://www.wikidata.org/entity/Q200050,Chilean peso
http://www.wikidata.org/entity/Q334,Singapore,http://www.wikidata.org/entity/Q334,Singapore,http://www.wikidata.org/entity/Q5642345,Halimah Yacob,,,5888926,+65,http://www.wikidata.org/entity/Q190951,Singapore dollar
http://www.wikidata.org/entity/Q398,Bahrain,http://www.wikidata.org/entity/Q3882,Manama,http://www.wikidata.org/entity/Q57352,Hamad bin Isa Al Khalifa,,,1492584,+973,http://www.wikidata.org/entity/Q201871,Bahraini dinar
http://www.wikidata.org/entity/Q408,Australia,http://www.wikidata.org/entity/Q3114,Canberra,http://www.wikidata.org/entity/Q9682,Elizabeth II,http://www.wikidata.org/entity/Q323750,Terra Australis,24511800,+61,http://www.wikidata.org/entity/Q259502,Australian dollar
http://www.wikidata.org/entity/Q414,Argentina,http://www.wikidata.org/entity/Q1486,Buenos Aires,http://www.wikidata.org/entity/Q2642828,Alberto Fernández,,,44938712,+54,http://www.wikidata.org/entity/Q199578,Argentine peso
http://www.wikidata.org/entity/Q419,Peru,http://www.wikidata.org/entity/Q2868,Lima,http://www.wikidata.org/entity/Q20015136,Francisco Sagasti Hochhausler,,,29381884,+51,http://www.wikidata.org/entity/Q204656,Peso peruano
http://www.wikidata.org/entity/Q423,North Korea,http://www.wikidata.org/entity/Q18808,Pyongyang,http://www.wikidata.org/entity/Q56226,Kim Jong-un,,,25490965,+850,http://www.wikidata.org/entity/Q106720,North Korean won
http://www.wikidata.org/entity/Q424,Cambodia,http://www.wikidata.org/entity/Q1850,Phnom Penh,http://www.wikidata.org/entity/Q57319,Norodom Sihamoni,,,16005373,+855,http://www.wikidata.org/entity/Q204737,riel
http://www.wikidata.org/entity/Q574,East Timor,http://www.wikidata.org/entity/Q9310,Dili,http://www.wikidata.org/entity/Q897790,Francisco Guterres,,,1296311,+670,http://www.wikidata.org/entity/Q4917,United States dollar
http://www.wikidata.org/entity/Q574,East Timor,http://www.wikidata.org/entity/Q9310,Dili,http://www.wikidata.org/entity/Q897790,Francisco Guterres,,,1296311,+670,http://www.wikidata.org/entity/Q572213,East Timor centavo coins
http://www.wikidata.org/entity/Q657,Chad,http://www.wikidata.org/entity/Q3659,N'Djamena,http://www.wikidata.org/entity/Q57350,Idriss Déby,http://www.wikidata.org/entity/Q125309,Lake Chad,15477751,+235,http://www.wikidata.org/entity/Q847739,Central African CFA franc
http://www.wikidata.org/entity/Q664,New Zealand,http://www.wikidata.org/entity/Q23661,Wellington,http://www.wikidata.org/entity/Q9682,Elizabeth II,http://www.wikidata.org/entity/Q705,Zeeland,4942500,+64,http://www.wikidata.org/entity/Q1472704,New Zealand dollar
http://www.wikidata.org/entity/Q668,India,http://www.wikidata.org/entity/Q987,New Delhi,http://www.wikidata.org/entity/Q16845347,Ram Nath Kovind,http://www.wikidata.org/entity/Q7348,Indus River,1326093247,+91,http://www.wikidata.org/entity/Q80524,Indian rupee
http://www.wikidata.org/entity/Q672,Tuvalu,http://www.wikidata.org/entity/Q34126,Funafuti,http://www.wikidata.org/entity/Q9682,Elizabeth II,,,11192,+688,http://www.wikidata.org/entity/Q4406,Tuvaluan dollar
http://www.wikidata.org/entity/Q672,Tuvalu,http://www.wikidata.org/entity/Q34126,Funafuti,http://www.wikidata.org/entity/Q9682,Elizabeth II,,,11192,+688,http://www.wikidata.org/entity/Q259502,Australian dollar
http://www.wikidata.org/entity/Q683,Samoa,http://www.wikidata.org/entity/Q36260,Apia,http://www.wikidata.org/entity/Q32014514,Va'aletoa Sualauvi II,,,196440,+685,http://www.wikidata.org/entity/Q4588,Samoan tālā
http://www.wikidata.org/entity/Q685,Solomon Islands,http://www.wikidata.org/entity/Q40921,Honiara,http://www.wikidata.org/entity/Q9682,Elizabeth II,http://www.wikidata.org/entity/Q37085,Solomon,611343,+677,http://www.wikidata.org/entity/Q4597,Solomon Islands dollar
http://www.wikidata.org/entity/Q686,Vanuatu,http://www.wikidata.org/entity/Q37806,Port Vila,http://www.wikidata.org/entity/Q32060530,Obed Moses,,,276244,+678,http://www.wikidata.org/entity/Q207523,Vanuatu vatus
http://www.wikidata.org/entity/Q691,Papua New Guinea,http://www.wikidata.org/entity/Q36526,Port Moresby,http://www.wikidata.org/entity/Q9682,Elizabeth II,,,8251162,+675,http://www.wikidata.org/entity/Q200759,kina
http://www.wikidata.org/entity/Q695,Palau,http://www.wikidata.org/entity/Q515229,Ngerulmud,http://www.wikidata.org/entity/Q336285,Tommy Remengesau,,,21729,+680,http://www.wikidata.org/entity/Q4917,United States dollar
http://www.wikidata.org/entity/Q697,Nauru,http://www.wikidata.org/entity/Q31026,Yaren District,http://www.wikidata.org/entity/Q66765492,Lionel Aingimea,,,13650,+674,http://www.wikidata.org/entity/Q259502,Australian dollar
http://www.wikidata.org/entity/Q702,Federated States of Micronesia,http://www.wikidata.org/entity/Q42751,Palikir,http://www.wikidata.org/entity/Q63932620,David W. Panuelo,http://www.wikidata.org/entity/Q3359409,Micronesia,105544,+691,http://www.wikidata.org/entity/Q4917,United States dollar
http://www.wikidata.org/entity/Q709,Marshall Islands,http://www.wikidata.org/entity/Q12919,Majuro,http://www.wikidata.org/entity/Q20658229,David Kabua,http://www.wikidata.org/entity/Q639410,John Marshall,53127,+692,http://www.wikidata.org/entity/Q4917,United States dollar
http://www.wikidata.org/entity/Q709,Marshall Islands,http://www.wikidata.org/entity/Q12919,Majuro,http://www.wikidata.org/entity/Q20658229,David Kabua,http://www.wikidata.org/entity/Q639410,John Marshall,53127,+692,http://www.wikidata.org/entity/Q96051466,SOV
http://www.wikidata.org/entity/Q710,Kiribati,http://www.wikidata.org/entity/Q131233,South Tarawa,http://www.wikidata.org/entity/Q23034482,Taneti Maamau,http://www.wikidata.org/entity/Q1474478,Thomas Gilbert,116398,+686,http://www.wikidata.org/entity/Q259502,Australian dollar
http://www.wikidata.org/entity/Q710,Kiribati,http://www.wikidata.org/entity/Q131233,South Tarawa,http://www.wikidata.org/entity/Q23034482,Taneti Maamau,http://www.wikidata.org/entity/Q1474478,Thomas Gilbert,116398,+686,http://www.wikidata.org/entity/Q1049963,Kiribati dollar
http://www.wikidata.org/entity/Q711,Mongolia,http://www.wikidata.org/entity/Q23430,Ulaanbaatar,http://www.wikidata.org/entity/Q9122260,Khaltmaagiin Battulga,http://www.wikidata.org/entity/Q41975,Mongols,3075647,+976,http://www.wikidata.org/entity/Q183435,tugrik
http://www.wikidata.org/entity/Q712,Fiji,http://www.wikidata.org/entity/Q38807,Suva,http://www.wikidata.org/entity/Q5541411,Jioji (George) Konrote,,,905502,+679,http://www.wikidata.org/entity/Q4592,Fijian dollar
http://www.wikidata.org/entity/Q717,Venezuela,http://www.wikidata.org/entity/Q1533,Caracas,http://www.wikidata.org/entity/Q58132,Nicolás Maduro,http://www.wikidata.org/entity/Q641,Venice,28515829,+58,http://www.wikidata.org/entity/Q203757,Venezuelan bolívar
http://www.wikidata.org/entity/Q717,Venezuela,http://www.wikidata.org/entity/Q1533,Caracas,http://www.wikidata.org/entity/Q58833335,Juan Guaidó,http://www.wikidata.org/entity/Q641,Venice,28515829,+58,http://www.wikidata.org/entity/Q203757,Venezuelan bolívar
http://www.wikidata.org/entity/Q717,Venezuela,http://www.wikidata.org/entity/Q1533,Caracas,http://www.wikidata.org/entity/Q58132,Nicolás Maduro,http://www.wikidata.org/entity/Q8605,Simón Bolívar,28515829,+58,http://www.wikidata.org/entity/Q203757,Venezuelan bolívar
http://www.wikidata.org/entity/Q717,Venezuela,http://www.wikidata.org/entity/Q1533,Caracas,http://www.wikidata.org/entity/Q58833335,Juan Guaidó,http://www.wikidata.org/entity/Q8605,Simón Bolívar,28515829,+58,http://www.wikidata.org/entity/Q203757,Venezuelan bolívar
http://www.wikidata.org/entity/Q717,Venezuela,http://www.wikidata.org/entity/Q1533,Caracas,http://www.wikidata.org/entity/Q58132,Nicolás Maduro,http://www.wikidata.org/entity/Q641,Venice,28515829,+58,http://www.wikidata.org/entity/Q56349362,Sovereign Bolivar
http://www.wikidata.org/entity/Q717,Venezuela,http://www.wikidata.org/entity/Q1533,Caracas,http://www.wikidata.org/entity/Q58833335,Juan Guaidó,http://www.wikidata.org/entity/Q641,Venice,28515829,+58,http://www.wikidata.org/entity/Q56349362,Sovereign Bolivar
http://www.wikidata.org/entity/Q717,Venezuela,http://www.wikidata.org/entity/Q1533,Caracas,http://www.wikidata.org/entity/Q58132,Nicolás Maduro,http://www.wikidata.org/entity/Q8605,Simón Bolívar,28515829,+58,http://www.wikidata.org/entity/Q56349362,Sovereign Bolivar
http://www.wikidata.org/entity/Q717,Venezuela,http://www.wikidata.org/entity/Q1533,Caracas,http://www.wikidata.org/entity/Q58833335,Juan Guaidó,http://www.wikidata.org/entity/Q8605,Simón Bolívar,28515829,+58,http://www.wikidata.org/entity/Q56349362,Sovereign Bolivar
http://www.wikidata.org/entity/Q733,Paraguay,http://www.wikidata.org/entity/Q2933,Asunción,http://www.wikidata.org/entity/Q48136013,Mario Abdo Benítez,http://www.wikidata.org/entity/Q179396,Paraguay River,6811297,+595,http://www.wikidata.org/entity/Q207514,Paraguayan guaraní
http://www.wikidata.org/entity/Q734,Guyana,http://www.wikidata.org/entity/Q10717,Georgetown,http://www.wikidata.org/entity/Q64840184,Irfaan Ali,,,777859,+592,http://www.wikidata.org/entity/Q213005,Guyanese dollar
http://www.wikidata.org/entity/Q736,Ecuador,http://www.wikidata.org/entity/Q2900,Quito,http://www.wikidata.org/entity/Q518626,Lenín Moreno,http://www.wikidata.org/entity/Q23538,equator,16624858,+593,http://www.wikidata.org/entity/Q4917,United States dollar
http://www.wikidata.org/entity/Q739,Colombia,http://www.wikidata.org/entity/Q2841,Bogotá,http://www.wikidata.org/entity/Q17478000,Iván Duque Márquez,http://www.wikidata.org/entity/Q7322,Christopher Columbus,49065615,+57,http://www.wikidata.org/entity/Q244819,Colombian peso
http://www.wikidata.org/entity/Q750,Bolivia,http://www.wikidata.org/entity/Q1491,La Paz,http://www.wikidata.org/entity/Q16149892,Luis Arce,http://www.wikidata.org/entity/Q8605,Simón Bolívar,11051600,+591,http://www.wikidata.org/entity/Q200737,boliviano
http://www.wikidata.org/entity/Q750,Bolivia,http://www.wikidata.org/entity/Q2907,Sucre,http://www.wikidata.org/entity/Q16149892,Luis Arce,http://www.wikidata.org/entity/Q8605,Simón Bolívar,11051600,+591,http://www.wikidata.org/entity/Q200737,boliviano
http://www.wikidata.org/entity/Q754,Trinidad and Tobago,http://www.wikidata.org/entity/Q39178,Port of Spain,http://www.wikidata.org/entity/Q47461098,Paula-Mae Weekes,http://www.wikidata.org/entity/Q128323,Trinidad,1369125,+1868,http://www.wikidata.org/entity/Q242890,Trinidad and Tobago dollar
http://www.wikidata.org/entity/Q754,Trinidad and Tobago,http://www.wikidata.org/entity/Q39178,Port of Spain,http://www.wikidata.org/entity/Q47461098,Paula-Mae Weekes,http://www.wikidata.org/entity/Q185111,Tobago,1369125,+1868,http://www.wikidata.org/entity/Q242890,Trinidad and Tobago dollar
http://www.wikidata.org/entity/Q757,Saint Vincent and the Grenadines,http://www.wikidata.org/entity/Q41474,Kingstown,http://www.wikidata.org/entity/Q9682,Elizabeth II,http://www.wikidata.org/entity/Q318974,Vincent of Saragossa,109897,+1784,http://www.wikidata.org/entity/Q26365,Eastern Caribbean dollar
http://www.wikidata.org/entity/Q757,Saint Vincent and the Grenadines,http://www.wikidata.org/entity/Q41474,Kingstown,http://www.wikidata.org/entity/Q9682,Elizabeth II,http://www.wikidata.org/entity/Q13222088,pomegranate,109897,+1784,http://www.wikidata.org/entity/Q26365,Eastern Caribbean dollar
http://www.wikidata.org/entity/Q760,Saint Lucia,http://www.wikidata.org/entity/Q41699,Castries,http://www.wikidata.org/entity/Q9682,Elizabeth II,http://www.wikidata.org/entity/Q183240,Saint Lucy,178844,+1758,http://www.wikidata.org/entity/Q26365,Eastern Caribbean dollar
http://www.wikidata.org/entity/Q763,Saint Kitts and Nevis,http://www.wikidata.org/entity/Q41295,Basseterre,http://www.wikidata.org/entity/Q9682,Elizabeth II,http://www.wikidata.org/entity/Q263827,Dedication of the Basilica of Saint Mary Major,55345,+1869,http://www.wikidata.org/entity/Q26365,Eastern Caribbean dollar
http://www.wikidata.org/entity/Q766,Jamaica,http://www.wikidata.org/entity/Q34692,Kingston,http://www.wikidata.org/entity/Q9682,Elizabeth II,,,2890299,+1876,http://www.wikidata.org/entity/Q209792,Jamaican dollar
http://www.wikidata.org/entity/Q769,Grenada,http://www.wikidata.org/entity/Q41547,St. George's,http://www.wikidata.org/entity/Q9682,Elizabeth II,http://www.wikidata.org/entity/Q8810,Granada,107825,+1473,http://www.wikidata.org/entity/Q26365,Eastern Caribbean dollar
http://www.wikidata.org/entity/Q774,Guatemala,http://www.wikidata.org/entity/Q1555,Guatemala City,http://www.wikidata.org/entity/Q2134696,Alejandro Giammattei,,,17263239,+502,http://www.wikidata.org/entity/Q207396,quetzal
http://www.wikidata.org/entity/Q778,The Bahamas,http://www.wikidata.org/entity/Q2467,Nassau,http://www.wikidata.org/entity/Q9682,Elizabeth II,,,395361,+1242,http://www.wikidata.org/entity/Q194339,Bahamian dollar
http://www.wikidata.org/entity/Q781,Antigua and Barbuda,http://www.wikidata.org/entity/Q36262,St. John's,http://www.wikidata.org/entity/Q9682,Elizabeth II,,,102012,+1268,http://www.wikidata.org/entity/Q26365,Eastern Caribbean dollar
